user_id,username,email,password,first_name,last_name,address
1,marcdennis,fvaldez@example.org,zI2Cr0wq%+,Nathaniel,Graham,"264 Mckay Isle Suite 319
Lake Matthew, CA 14904"
2,donald23,vclark@example.org,#Jn3CMz+#N,Caitlin,Mays,"7055 Rhonda Plains
Tamarafurt, AR 74720"
3,tami60,uriley@example.com,ml4uBkZ3+&,Jeffrey,Jones,"0123 Kaitlin Overpass Apt. 461
Brownchester, NJ 08762"
4,nicholas29,april89@example.org,B%oh7Mel+5,Chloe,Lewis,"45146 Rosario Crossroad Apt. 774
Robersonfort, MT 14311"
5,jhall,amanda91@example.org,(t7TVmD+pK,Aaron,Wagner,"PSC 2242, Box 8588
APO AE 14478"
6,rodriguezleslie,preid@example.com,$z9OFt0YS!,Carol,Brown,"216 Smith Avenue
Amandamouth, AR 98922"
7,cwallace,johnporter@example.net,M(%4LykuvV,Ronald,Butler,"602 Watson Field
Jessicaland, MI 41713"
8,erin76,ncontreras@example.com,KP$3BMaMDF,Carmen,Valdez,"0531 Gary Cliff
South Angel, GU 39447"
9,briannunez,djackson@example.net,h6Ej&Akv)5,Erin,Lopez,"02711 Kenneth Pines
Lake Victor, GA 75413"
10,andrejohnson,ddavis@example.org,$t)YV_Wq(5,Brenda,Moon,"58562 Gilbert Point Apt. 522
West Michael, VA 67294"
11,shannonmassey,johnathan49@example.net,bVn56Mr9#d,Crystal,Stewart,"06529 Sean Street
New Angelica, ID 95948"
12,alicia84,rdiaz@example.net,Pm0F4vPb%^,Carlos,Hart,"4969 Hill Dam Suite 156
West Scott, WA 13597"
13,lhorne,ghunt@example.com,8n9KZgtj%+,Mark,Stanley,"8058 Brewer Mill Apt. 347
Fletcherbury, SD 05282"
14,jacob68,gabriel74@example.org,vSt(10Vl_W,Mary,Cook,"64098 Curtis Heights
Nicholschester, AS 49260"
15,warrenalexis,erika93@example.net,%OCOGb4dX7,Benjamin,Brown,"1116 Williams Run
Port Christina, AR 07214"
16,silvaparker,steven28@example.com,BguY4DerL!,Cassandra,Nelson,"0444 Bennett Extension Suite 794
Harringtonborough, MD 86389"
17,iadkins,stephen03@example.com,#b50K9v1@#,Kelsey,Williams,"Unit 3729 Box 4658
DPO AA 62176"
18,zstone,vmiller@example.com,_2!Bd0Fb!#,Patrick,Branch,"00059 Michael Rapids Apt. 981
South Bradleyhaven, DE 87452"
19,cartercheryl,maddentimothy@example.net,P23T4fdl$$,Shirley,Jones,"800 Tiffany Shores
Port Vanessa, KS 38800"
20,jose60,qhowell@example.net,+7H0YlVQ+),Tracy,Woodard,"1050 Johnston Curve Apt. 915
West Deborah, IL 83548"
21,esingh,joseph70@example.org,R4_Xf&Cc@B,Dustin,Sandoval,"89029 Bird Corner Apt. 335
South Andrew, PW 62974"
22,uchapman,stephaniemclaughlin@example.com,0@$+1Tk*$b,Steven,Miller,"303 Davidson Curve Apt. 907
Elliottberg, OK 14633"
23,anthony44,micheal85@example.com,49MbL$gT$m,Shelby,King,"20062 Ferguson Fall Suite 376
East Amandahaven, WV 99790"
24,isaiahjohnson,lynchjose@example.org,^SxHbXcN2Y,Matthew,Kent,"244 Moreno Corners Suite 875
Markhaven, SC 66878"
25,ellen65,hsaunders@example.com,2qBWR9dh(f,William,Smith,"7500 Ebony Island
Johnsonstad, VA 54417"
26,sandra08,hmoore@example.com,Q+2PigP9$l,Amy,Johnson,"571 Spencer Spring Suite 926
Christopherton, UT 84586"
27,nancycannon,dbarrera@example.com,sJTxw%tS@7,Ricky,Page,"USNV Doyle
FPO AA 23788"
28,rneal,smithclaudia@example.com,&ws13PXfZP,Chelsea,Silva,"336 Dennis Pine
Whitemouth, VT 94184"
29,emilygonzales,moodyjames@example.org,33Myw^^7^(,Steven,Guzman,"32235 Hunt Wells
Jacquelineberg, MP 43306"
30,erika78,williamsjoseph@example.net,D6bA!x30+I,Kyle,Harrison,"08697 Thomas Spring
Port Stevenstad, CT 10541"
31,wardsarah,fhall@example.net,fy$1r#Tlmx,Kristin,Johnson,"457 Sara Estates Apt. 811
Herreraton, CT 08369"
32,dale58,jason26@example.org,(6&Fxj1yr4,Edward,Chavez,"Unit 4207 Box 2307
DPO AE 50954"
33,huntangela,brittanyrussell@example.com,_4yS_6Ph)+,Roger,Ray,"230 Wall Track Apt. 559
Alexandraland, OK 86108"
34,jacobrosario,tranandrew@example.com,T4B9A8od_h,Ann,Mendoza,"91378 Murphy Mission
Riggsmouth, WA 90702"
35,davidmitchell,rhodeskaitlyn@example.org,0#X7G^o0)Y,Holly,Aguilar,"31670 Carla Square
New Barbaraville, VT 81121"
36,clarkelizabeth,timothysandoval@example.net,t704NHzx*F,Sydney,Todd,"PSC 0965, Box 0514
APO AE 68856"
37,brandi76,irios@example.com,7UQG7NuvO+,Sarah,Webb,"2844 Henderson Point
West Deborahstad, VA 40052"
38,michaelerickson,mary58@example.org,%malO#gr8D,Virginia,Miller,"0867 Schmidt Ramp Apt. 956
South Shaneville, CO 26970"
39,lawrence86,sanderson@example.org,Q!8%_jMapz,Natasha,Hines,"9769 Fisher Mission
Heathershire, PA 00939"
40,yacevedo,danielserik@example.com,*M8Y6bc#X8,Kelly,Vincent,"1030 Johnson Squares
West James, NV 14590"
41,gregorymorales,millerjason@example.net,)8X88meY_q,Jesus,Morris,"54571 Dawson Square Apt. 259
New Justin, AK 75045"
42,durhammatthew,humphreydeborah@example.com,#*M&8uOjcm,Anthony,Brewer,"5274 Summers Pass
North Cassandrafurt, UT 77610"
43,keithmartinez,jdavis@example.com,xiX1Dvmp+6,Jamie,Jones,"4918 Tammy Lake
Sanfordhaven, MI 92548"
44,erikcook,mark12@example.net,oK^1XSue+R,Kelly,Mayer,"150 Jessica Union
Heatherborough, MI 88002"
45,samuelnelson,vromero@example.net,%nLow*hGn3,James,Jackson,"7851 Michael Rest Suite 402
Santanashire, OH 79439"
46,joseph19,rebecca19@example.net,(#r1W@vU0V,Holly,Dickson,"USS Davis
FPO AP 57906"
47,brownchristopher,shawnperry@example.com,6(0ZAseRzV,John,Barnes,"176 Washington Lakes
Richardmouth, LA 85055"
48,timothy81,hutchinsonjohn@example.com,So9CqIKVh!,Jessica,Johnson,"7025 Moore Locks
South Penny, UT 72980"
49,longtimothy,corey05@example.net,uG$^5TjW2f,Donna,Craig,"441 Theresa Crossing
Margaretton, VT 07052"
50,wesley00,bwalker@example.org,uAX2tVEse&,Cindy,Henry,"567 Davis Loaf
East Lisa, ID 87674"
